[
    {
        "id": 1,
        "first_name": "ali",
        "last_name": "mohammadi",
        "email": "ali_mohammadi@gmail.com",
        "password": "123456",
        "date": "2021-05-05 15:00:00"
    },
    {
        "id": 2,
        "first_name": "reza",
        "last_name": "hosseini",
        "email": "reza_hosseini@gmail.com",
        "password": "123456",
        "date": "2021-06-07 11:20:00"
    },
    {
        "id": 3,
        "first_name": "hamed",
        "last_name": "nazari",
        "email": "hamed_nazari@gmail.com",
        "password": "123456",
        "date": "2021-06-20 12:50:00"
    }
    
]